id,name,email,phone,credit_card
1,Nam Minsu,namminsu1@example.com,010-1409-5506,4350-4657-3286-2679
2,Ko Chaeyoung,kochaeyoung2@example.com,010-9935-2424,4704-7912-1520-1488
3,Lee Dohyun,leedohyun3@example.com,010-4811-9279,4716-1434-4257-9928
4,Kwon Seoyeon,kwonseoyeon4@example.com,010-8359-5557,4928-1106-3615-7924
5,Oh Jaehyun,ohjaehyun5@example.com,010-3547-4527,4881-6514-2674-2519
6,Shin Minsu,shinminsu6@example.com,010-6881-6635,4718-5333-1711-8527
7,Yoo Minsu,yoominsu7@example.com,010-7201-2291,4665-5803-6925-4150
8,Moon Younghee,moonyounghee8@example.com,010-1750-4733,4891-5741-2307-4814
9,Ju Minsu,juminsu9@example.com,010-7227-5554,4564-6977-3664-7065
10,Seo Dohyun,seodohyun10@example.com,010-5374-2169,4723-3803-9751-5010
11,Jung Nari,jungnari11@example.com,010-7216-5422,4755-4598-6313-1916
12,Yoon Cheolsu,yooncheolsu12@example.com,010-6168-7572,4374-2084-4456-6155
13,Kang Hyunwoo,kanghyunwoo13@example.com,010-9179-7482,4758-8517-3340-5339
14,Choi Seoyeon,choiseoyeon14@example.com,010-9830-5304,4864-8019-7543-6930
15,Yoon Jiwoo,yoonjiwoo15@example.com,010-9348-9085,4193-1771-2796-3504
16,Nam Haeun,namhaeun16@example.com,010-7916-2040,4494-7252-8668-9669
17,Lim Jimin,limjimin17@example.com,010-1188-2876,4798-9797-5371-6573
18,Park Soomin,parksoomin18@example.com,010-8123-3591,4564-1053-5315-9201
19,Ahn Haeun,ahnhaeun19@example.com,010-9317-2743,4991-5889-9317-4258
20,Choi Junho,choijunho20@example.com,010-3646-9837,4897-9689-1009-6310
21,Bae Gildong,baegildong21@example.com,010-2832-6947,4999-6038-4923-1949
22,Yoon Seungmin,yoonseungmin22@example.com,010-2290-2403,4849-8962-2133-9727
23,Ahn Jiwoo,ahnjiwoo23@example.com,010-3103-8787,4662-3705-5342-9645
24,Ju Yerin,juyerin24@example.com,010-7932-4470,4652-4295-6107-7537
25,Ko Hyunwoo,kohyunwoo25@example.com,010-7118-8177,4629-8397-2982-5061
26,Yoon Younghee,yoonyounghee26@example.com,010-6539-1344,4702-4770-4608-1117
27,Lee Minji,leeminji27@example.com,010-1964-4750,4169-1514-6413-2160
28,Baek Seoyeon,baekseoyeon28@example.com,010-5562-8953,4319-9834-3167-8744
29,Yoon Suho,yoonsuho29@example.com,010-7669-4119,4196-2588-8062-6804
30,Kwon Taeyang,kwontaeyang30@example.com,010-8651-1887,4789-2612-1993-7596
31,Yang Yuna,yangyuna31@example.com,010-2790-5073,4296-4116-9786-8350
32,Choi Taeyang,choitaeyang32@example.com,010-4006-5563,4573-5092-2235-8260
33,Heo Jimin,heojimin33@example.com,010-2604-1828,4767-9856-1241-2528
34,Ha Seoyeon,haseoyeon34@example.com,010-3724-7658,4597-8886-4502-7570
35,Gil Cheolsu,gilcheolsu35@example.com,010-3697-7209,4102-7396-5345-8454
36,Han Taeyang,hantaeyang36@example.com,010-8973-3536,4294-5861-4566-1958
37,Jang Chaeyoung,jangchaeyoung37@example.com,010-9883-1998,4865-6138-1936-1821
38,Jang Suho,jangsuho38@example.com,010-9238-9701,4261-1931-9320-2312
39,Ju Haeun,juhaeun39@example.com,010-2122-2113,4791-4853-7615-2964
40,Gil Seungmin,gilseungmin40@example.com,010-5033-1651,4734-2343-7868-9565
41,Oh Jaehyun,ohjaehyun41@example.com,010-4346-6147,4344-5351-7484-3144
42,Ko Hyunwoo,kohyunwoo42@example.com,010-5915-8491,4423-2188-1152-8508
43,Cho Seungmin,choseungmin43@example.com,010-2638-2200,4650-4492-9288-5345
44,Choi Junho,choijunho44@example.com,010-2127-5002,4478-5669-3584-8179
45,Yeon Jimin,yeonjimin45@example.com,010-5956-9666,4108-5905-2697-3200
